# contributors generated by `make contributors`

115100 <115100@users.noreply.github.com>
abusaidm <m.abusaid@me.com>
Ackermann Yuriy <ackermann.yuriy@gmail.com>
Aeneas <aeneas@ory.am>
Aeneas <aeneas.rekkas@serlo.org>
Aeneas <arekkas@users.noreply.github.com>
aeneasr <3372410+aeneasr@users.noreply.github.com>
aeneasr <aeneas@ory.sh>
aeneasr <aeneas.rekkas@serlo.org>
aeneasr <aeneasr@users.noreply.github.com>
Aeneas Rekkas <aeneas.rekkas@serlo.org>
Aeneas Rekkas (arekkas) <aeneas@ory.am>
Ajanthan <balaajanthan@gmail.com>
Akbar Uddin Kashif <kashif_9849@hotmail.com>
Alano Terblanche <alanoterblanche@gmail.com>
Alexander Widerberg <alexander.widerberg@cybercom.com>
Alexander Widerberg <widerbergaren@gmail.com>
Allan Simon <allan.simon@supinfo.com>
Amaan Iqbal <amaaniqbal2786@gmail.com>
Amir Aslaminejad <aaslamin@users.noreply.github.com>
Amir Aslaminejad <aslaminejad@gmail.com>
Andreas Litt <andreas.litt@gmail.com>
André Filipe <MASNathan@users.noreply.github.com>
Andrew Minkin <minkin.andrew@gmail.com>
Ankit Singh <bittuf3@gmail.com>
Ante Mihalj <ante.mihalj@gmail.com>
Anton Samoylenko <a.samoylenko95@gmail.com>
arapaho <arapaho@users.noreply.github.com>
arekkas <aeneas@ory.am>
arekkas <aeneas.rekkas@serlo.org>
Aritz Berasarte <raskasso@hotmail.com>
Arkady Bagdasarov <56913719+arkady-bagdasarov@users.noreply.github.com>
Artem Yarmoliuk <koolgen@gmail.com>
Arthur Knoepflin <arthur.knoepflin@epitech.eu>
arunas-ka <arunas0725@gmail.com>
aspeteRakete <fdubrownik@gmail.com>
Atallah khedrane <rohff7@gmail.com>
BastianHofmann <bastianhofmann@me.com>
Benjamin Tanone <benjamin.tanone@gmail.com>
Ben Scholzen <mail@dasprids.de>
Bernat Mut <1116133+monwolf@users.noreply.github.com>
bfrisbie-brex <63267486+bfrisbie-brex@users.noreply.github.com>
Bhargav SNV <44526455+Gituser143@users.noreply.github.com>
Brandon Philips <brandon@ifup.org>
Brian <20056195+coopbri@users.noreply.github.com>
Brian Teller <brianateller@gmail.com>
Bruno Bigras <bigras.bruno@gmail.com>
Bruno Heridet <delapouite@gmail.com>
catper <60221155+catper@users.noreply.github.com>
cherrymu <cherry_rvp@protonmail.com>
Chris Mack <christopher.mack@gmail.com>
Christian Dreier <dreier.christian@googlemail.com>
Christian Skovholm <christianskovholm@gmail.com>
clausdenk <denk@us.es>
Corey Burmeister <burmeister.corey@gmail.com>
Dallan Quass <dallan@quass.org>
Damien Bravin <damienbr@users.noreply.github.com>
Daniel Jiménez <danijs12@hotmail.com>
Daniel Schellhorn <daniel@schellhorn.de>
Daniel Shuy <daniel_shuy@hotmail.com>
Daniel Sutton <daniel@ducksecops.uk>
darron froese <darron@froese.org>
Dave Kushner <1289314+dkushner@users.noreply.github.com>
David <dlopbec@gmail.com>
David Lobe <not4rent@gmail.com>
David López <not4rent@gmail.com>
David <not4rent@gmail.com>
David Wilkins <dave@sitchai.com>
debrutal <duennes@gmail.com>
DennisPattmann5012 <44261569+DennisPattmann5012@users.noreply.github.com>
Dexter Chua <dalcde@users.noreply.github.com>
dharmendraImprowised <72780358+DKImprowised@users.noreply.github.com>
Dibyajyoti Behera <dibyajyotibehera@gmail.com>
Dimitrij Drus <dadrus@gmx.de>
Dimitrij Drus <dimitrij.drus@innoq.com>
Divyansh Bansal <divyansh.bansal25@gmail.com>
Dmitry <condemil@users.noreply.github.com>
Dmitry Dolbik <dolbik@gmail.com>
ducksecops <daniel@ducksecops.uk>
Edward Wilde <ewilde@gmail.com>
emil <emil.vaagland@spid.no>
Eric Douglas <ericalandouglas@gmail.com>
Euan Kemp <euank@euank.com>
fazal <mohamedfaxal@gmail.com>
fazal <mohamedhfazal@gmail.com>
Felix Jung <felixjung@users.noreply.github.com>
Flavio Leggio <flavioleggio@gmail.com>
Flori <40140792+fl0lli@users.noreply.github.com>
Frank Felhoffer <silveraid@users.noreply.github.com>
Furkan <bayansar@users.noreply.github.com>
Gajewski Dmitriy <dmit8815@gmail.com>
Genchi <genchilu@gmail.com>
George Bolo <george.bolo@gmail.com>
Gilbert Gilb's <gilbsgilbs@users.noreply.github.com>
Gorka Lerchundi Osa <glertxundi@gmail.com>
Grant Zvolsky <grant@zvolsky.org>
Grant Zvolský <grant@zvolsky.org>
Greg Woodcock <pr1sm.g@gmail.com>
Grigory <g.sokol99@g-sokol.info>
hackerman <3372410+aeneasr@users.noreply.github.com>
hackerman <arekkas@users.noreply.github.com>
Hans <laderud@hotmail.com>
Harsimran Singh Maan <maan.harry@gmail.com>
Helmuth Bederna <25813283+IonFoXx@users.noreply.github.com>
Hendrik Heil <hendrik@ciidyr.com>
hisamura333 <0aw2794w78t0b4c@ezweb.ne.jp>
İbrahim Esen <ibrahmesen@gmail.com>
Igor Zibarev <hypnoglow@gmail.com>
Imran Ismail <imran.codely@gmail.com>
Iñigo <i.horcajo@saltosystems.com>
Iñigo <inigohu@gmail.com>
Jacek Symonowicz <jacor84@gmail.com>
Jakub Błaszczyk <daemonsthere@gmail.com>
Jakub Błaszczyk <jakub.blaszczyk@sap.com>
James Elliott <james-d-elliott@users.noreply.github.com>
jamesnicolas <jamesnicolas@me.com>
Jamie Stackhouse <itsjamie@users.noreply.github.com>
Jan Beckmann <king-jan1999@hotmail.de>
Jan <king-jan1999@hotmail.de>
Jay Linski <jaylinski@users.noreply.github.com>
jayme-github <jayme-github@users.noreply.github.com>
jess <jessachandler@gmail.com>
jhuggett <59655877+jhuggett@users.noreply.github.com>
JiaLiPassion <JiaLi.Passion@gmail.com>
Jimmy Stridh <jimmy@stridh.nu>
Joao Carlos <joao.cardoso@smartum.fi>
Joao Carlos <mail@joao-carlos.com>
Joel Pickup <joel@payfriendz.com>
John <jfcurran@users.noreply.github.com>
John Wu <johnwu96822@gmail.com>
Josh Giles <jgiles@paxos.com>
Joshua Obasaju <41480580+obasajujoshua31@users.noreply.github.com>
Julian Tescher <jatescher@gmail.com>
Justin Clift <justin@postgresql.org>
Kevin Minehart <kmineh0151@gmail.com>
khevse <khevse@gmail.com>
Kim Neunert <kneunert@gmail.com>
Kishan B <kishancs46@gmail.com>
kobayashilin <ss61418@gmail.com>
Kostya Lepa <const.lepa+github@gmail.com>
Kunal Parikh <kunal@techthumb.in>
lauri <anders.lauri@gmail.com>
LemurP <LemurP@users.noreply.github.com>
Lennart Rosam <hello@takuto.de>
Louis Laureys <louis@laureys.me>
Luis Pedrosa <2365589+lpedrosa@users.noreply.github.com>
Lukasz Jagiello <jagiello.lukasz@gmail.com>
Luke Stoward <luke_stoward@hotmail.co.uk>
Marco Hutzsch <39520486+marcohutzsch1234@users.noreply.github.com>
Mart Aarma <mart.aarma@nortal.com>
Masoud Tahmasebi <mtahmasebi118@gmail.com>
Matheus Moraes <matheusfaria.moraes@gmail.com>
Matouš Dzivjak <matousdzivjak@gmail.com>
Matt Bonnell <64976795+mbonnell-wish@users.noreply.github.com>
Matt Bonnell <matt.bonnell@icloud.com>
Matt Drollette <matt@drollette.com>
Matteo Suppo <matteo.suppo@gmail.com>
Matthew Fawcett <mail@matthewfawcett.co.uk>
Matt Vinall <boyvinall@gmail.com>
Matt Vinall <boyvinall@users.noreply.github.com>
Maurizio <Aterocana@users.noreply.github.com>
Maxime Song <me@cppdo.com>
Max Köhler <me@max-koehler.de>
michaelwagler <michaelwagler@users.noreply.github.com>
mig5 <mig@mig5.net>
Mitar <mitar.github@tnode.com>
Mitar <mitar.git@tnode.com>
mkontani <mkontani@yahoo-corp.jp>
Moritz Lang <hi@slashmo.codes>
MOZGIII <mike-n@narod.ru>
Natalia <nataliabidart@gmail.com>
Nathan Mills <rivernate@gmail.com>
naveenpaul1 <79908956+naveenpaul1@users.noreply.github.com>
Neeraj <neeraj.viman@gmail.com>
Nejcraft <nejcraftplays@gmail.com>
nessita <nataliabidart@gmail.com>
Nestor <nesterran@gmail.com>
Nick Otter <otternq@gmail.com>
NickUfer <me@nick-ufer.de>
Nick Ufer <nick@ufer.dev>
Nikita Puzankov <humb1t@yandex.ru>
NikolaySl <grafsl@gmail.com>
Nikolay Stupak <nikolaystupak@gmail.com>
nishanth2143 <nishanth2143@gmail.com>
olFi95 <olFi95@users.noreply.github.com>
Olivier Deckers <olivierdeckers@users.noreply.github.com>
Olivier Tremblay <himself@otremblay.com>
ORY Continuous Integration <circleci@ory.am>
ORY Continuous Integration <hi@ory.am>
ORY Continuous Integration <office+ci@ory.sh>
Oz Haven <ozzyhaven@therebelrobot.com>
Patrick Barker <patrickbarkerco@gmail.com>
Patrick Tescher <pat2man@gmail.com>
Patrik <zepatrik@users.noreply.github.com>
Paul Harman <pwharman@gmail.com>
Petr Jediný <petr.jediny@gmail.com>
phi2039 <climber2039@gmail.com>
Philip Nicolcev <33558528+pnicolcev-tulipretail@users.noreply.github.com>
Philip Nicolcev <phil.nicolcev@tulip.io>
phiremande <16595434+phiremande@users.noreply.github.com>
Pierre-David Bélanger <pierredavidbelanger@gmail.com>
pike1212 <clp207@psu.edu>
pike1212 <pike1212@gmail.com>
prateek1192 <1192prateek@gmail.com>
Prateek Malhotra <someone1@gmail.com>
Quentin Perez <qperez@ocs.online.net>
Ricardo Iván Vieitez Parra <3857362+corrideat@users.noreply.github.com>
Richard Zana <zanarichard@hotmail.com>
Rich Wareham <rjw57@users.noreply.github.com>
rickwang7712 <rickwang@synology.com>
RikiyaFujii <ridai22hanriku@gmail.com>
RNBack <contact@rnback.com>
robhinds <robhinds@gmail.com>
Rob Smith <smith.rob.s@gmail.com>
Roman Lytvyn <rider1493@gmail.com>
Roman Minkin <minkinroman@gmail.com>
Saad Tazi <stazi@fruitsoftware.com>
sagarshah1983 <sagarshah1983@gmail.com>
SaintMalik <37118134+saintmalik@users.noreply.github.com>
Samuele Lilli <samuele.lilli@gmail.com>
Sawada Shota <shota.sawada@crowdworks.co.jp>
sawadashota <xiootas@gmail.com>
Sawada Shota <xiootas@gmail.com>
seremenko-wish <60801091+seremenko-wish@users.noreply.github.com>
Shadaï ALI <nafiouali@gmail.com>
Shane Starcher <shanestarcher@gmail.com>
Shankar Dhanasekaran <shankardevy@gmail.com>
Shaurya Dhadwal <shauryadhadwal@users.noreply.github.com>
Shota SAWADA <xiootas@gmail.com>
Simon Lipp <sloonz@gmail.com>
Simon-Pierre Gingras <892367+spg@users.noreply.github.com>
simpleway <simpleway@users.noreply.github.com>
Smotrov Dmitriy <dsxack@gmail.com>
Stepan Rakitin <stepanr@mailbox.org>
Stephan Renatus <srenatus@chef.io>
Steve Kaliski <sjkaliski@users.noreply.github.com>
Sufijen Bani <git@sbani.net>
Sven Neuhaus <neuhaus@users.noreply.github.com>
The Gitter Badger <badger@gitter.im>
Thibault Doubliez <thibault@doubliez.com>
Thomas Aidan Curran <thomasaidancurran@gmail.com>
Thomas Aidan Curran <thomas@ory.sh>
Thomas Recloux <thomas@recloux.fr>
Thomas Stewart <thomas@stewarts.org.uk>
Thor Marius Henrichsen <thor.henrichsen@gmail.com>
TilmanTheile <50573074+TilmanTheile@users.noreply.github.com>
timothyknight <darkenglow@gmail.com>
Tim Sazon <tim.sazon51@gmail.com>
tutman96 <11356668+tutman96@users.noreply.github.com>
T Venu Madhav <tnvmadhav@gmail.com>
tyaps <tyaps@mail.ru>
Vadim <pr0head@gmail.com>
vancity-amir <62674577+vancity-amir@users.noreply.github.com>
Vincent <vincent@ory.sh>
Vinci Xu <277040271@qq.com>
vinckr <vincent@ory.sh>
Vishesh Handa <me@vhanda.in>
Vitaly Migunov <narshodan@hotmail.com>
Vladimir Kalugin <kalugin.mir@gmail.com>
wanderer163 <93438190+wanderer163@users.noreply.github.com>
Wei Cheng <calvinpohwc@gmail.com>
Wojciech Kuźmiński <45849042+woojtek@users.noreply.github.com>
Wyatt Anderson <wanderson@gmail.com>
Yannick Heinrich <yannick.heinrich@gmail.com>
Yorman ����â€™.͇͇͇͇͇͇͇͇͇͇͇͇͇͇͇͇͇͇͇͇͇͇͇͇͇͇͇͇͇͇͇͇͇͇͇͇͇͇͇͇͇͇͇͇͇͇͇͇͇͇͇͇͇͇͇͇͇͇͇͇͇͇͇͇͇͇͇͇͇͇͇͇͇͇͇͇͇͇͇͇͇͇͇͇͇͇͇͇͇͇͇͇͇͇͇͇͇͇͇͇͇͇͇͇͇͇͇͇͇͇͇͇͇͇͇͇͇͇͇͇͇Ỏ̷͖͈̞̩͎̻̫̫̜͉̠̫͕̭̭̫  ฏ๎๎๎๎๎๎๎๎๎๎๎๎๎๎๎๎๎๎๎๎๎๎๎๎๎๎๎๎๎๎๎๎๎๎๎๎๎๎๎๎๎๎๎๎๎๎๎๎๎๎๎๎๎๎๎๎๎๎๎๎๎๎๎๎๎๎๎๎๎๎๎๎๎๎๎๎๎๎๎๎๎๎๎๎๎๎๎๎๎๎๎๎๎๎๎๎๎๎ <cixtor@users.noreply.github.com>
Yuki Hirasawa <48427044+hirasawayuki@users.noreply.github.com>
Zbigniew Mandziejewicz <shaxbee@gmail.com>
zepatrik <patrik@ory.sh>
zepatrik <zepatrik@users.noreply.github.com>
巢鹏 <chaopeng@chaopeng.me>
